0,1,2,3,4,5,6,7,8,9,10,11,12,13,14,15,16,target
1.5461837046581832,1.4072331100573157,1.3780242002890604,1.4699748260563419,1.518144726981871,1.4593497751562854,1.3180216019646949,1.3750099704423955,1.4520370415886226,1.4431623716662036,1.3734751912963028,1.341895159671436,1.4035598223230998,1.3076474575687316,1.4287316575354496,1.286712094105678,1.2491433190146959,0
1.2413421358687418,1.4720610419474287,1.234792487285318,1.3784892064023255,1.3858710730071508,1.531590658983951,1.6168625728719788,1.3358931117695059,1.4855115622758788,1.91235943395734,1.3636929765880819,1.4683375099064264,1.4084773808463074,1.3073885212109062,1.3491840105017563,1.43803802605858,1.6506417320394986,0
1.560203165719851,1.6447877426437747,1.5805176285835032,1.7841145868665704,1.408303789735473,1.9225154379969893,1.7347561500394086,1.9818938438580078,2.827970260307657,1.5977943823099667,1.7393463087264027,2.21559611188782,2.181553472313711,1.5909671008388875,1.8055727181378776,2.1839183067335104,1.547405965619444,0
1.1402302925223005,1.2283152340214936,1.1200443904185038,1.1816455423999952,1.1101282149261391,1.250274504687872,1.2332212198048988,1.1363654520250104,1.2040066574640094,1.2970076407576976,1.0975715242570792,0.910563894810108,1.1403474086054592,1.238874015802862,0.9641237079055245,0.952405334431779,0.8954563566406148,0
1.3199669761983615,1.3462411472483962,1.293850602231325,1.4407186955154103,1.4026183107438486,1.4759293533027165,1.2386269788822852,1.3476073171028604,1.4658578398861721,1.5604862091601046,1.2793538174153427,1.166511968773134,1.146204212082831,1.160727655386309,1.0658250826035442,1.0691184144959904,1.1339625426690598,0
1.310901636079241,1.3154406208590907,1.4010084351152183,1.271815905501931,1.2699850584200536,1.477945966106097,1.3526889957760473,1.3077073558276686,1.4374849628735207,1.4772166908673992,1.3845275300849633,1.108080482571481,1.3804606334069367,1.3181757471155389,1.195420533635919,1.1515428387016156,1.0910221536313547,0
1.4818619358758438,1.4691514794105298,1.4141087020252785,1.5238347483652654,1.5822865103509094,1.6059048903126665,1.3895646659080252,1.5450026157375698,1.8891383243299855,1.603927775852346,1.2836244380536848,1.5033755968991191,1.5306795746926258,1.49774074616379,1.3417250409400412,1.471476783417739,1.502506312165162,0
1.3335933675333085,1.394876679239626,1.2452537125322236,1.3851935442754295,1.4003438473919647,1.5494159139959829,1.2940396115381527,1.2691790289638232,1.4182798564433066,1.5732310477059606,1.2508138464718308,1.1619731582270783,1.2578360202743686,1.1753560671568999,1.2361668651444082,1.1421969948247297,1.0165627622496682,0
1.2884017645464512,1.2758977957958542,1.2628854486892882,1.296445330257995,1.2741489852002414,1.5197194222928954,1.2668013805353295,1.407604499128221,1.314098869912145,1.618434466495872,1.4944027740600692,1.3520035155759298,1.5660882254466109,1.3641416843661904,1.4027214339123877,1.4316793885852175,1.532421772301621,0
1.2747450894609753,1.3825180459910371,1.2488173955949302,1.2951227603644264,1.4155368295899564,1.502494649953107,1.3312234647312948,1.2115641506350663,1.3206989087663121,1.8019612286521436,1.517838730992504,1.2566246075485739,1.3651472786528827,1.2754808862978553,1.27468914335779,1.1732580335624572,1.2940049806828677,0
1.3348742228991974,1.5619560610979843,1.360827772045348,1.2756236245306167,1.4241548730577234,1.858161748877965,1.4494092128821672,1.3839788116350373,1.3709183441662263,1.4446539404490397,1.3276888058076666,1.1659024793060906,1.202425770764595,1.1642765050392734,1.130041892193079,1.0603097158875723,1.1528136257418165,0
1.345784074387529,1.836687720357586,1.3003892497361316,1.357970956046869,1.5050156063776716,2.7016974719891507,2.2910952110664042,1.4402920813601492,1.3846855844071202,1.910250152459755,1.8705271493109366,1.3118846346720499,1.4071817510788058,1.3711109633014351,1.9870530488894846,1.25471657777637,1.50750636135718,0
1.4197866262418675,1.3683812445630057,1.3164948363436844,1.369221821881548,1.2564570930763752,1.3770331256000552,1.3706395851737478,1.2990946085948292,1.5271619196422148,1.5065491515698644,1.3176488688830823,1.344561406283856,1.3381091262427136,1.423575931906226,1.3195148746108643,1.366309229632187,1.3128180188111565,0
1.041362048026098,1.1467878037699955,1.1515761855624833,1.166860103385144,1.193287551613763,1.2466105022441663,1.1855532566636482,1.1578295146706963,1.2229095306438125,1.2463604417241587,1.094441096986058,1.1100560065615224,1.0276649642936213,0.976090302668072,0.9498942709942754,1.0098047607194407,1.0129228732766102,0
1.1233698351092567,1.1943570202412601,1.158840669746441,1.2003545277825964,1.0810919924548632,1.3421812771195476,1.1972179845343138,1.2418821758178198,1.5932379530442982,1.3196857434173854,1.2212186185503175,1.2049985443625673,1.1582626226060417,1.1825953015552642,1.1211553763810134,1.1424882316208187,1.1215484581899322,0
1.1068073616531866,1.302026692466605,1.1542023631651328,1.0678145302173592,1.1146449200357809,1.195446809502167,1.2853414908164502,1.2006760062802602,1.0999067941165368,43.57062441355897,1.26133168343131,1.1772253486365598,1.156925990248816,1.1124856437405277,-5.174251708703225,1.1302602745595194,1.180430747484287,0
1.0945876558264929,1.0920589306823931,1.114059048162283,1.1816799217029261,1.1105903571287448,1.249428206295028,1.1408141611965636,1.1103682969324926,1.2064869957695552,1.4073903670364736,1.1576399135850302,1.0639457574976119,1.1403245499288217,1.172990787750498,1.0853847944838624,0.981656239643142,1.0737567996881434,0
1.1682942846934268,1.4030522901936215,1.190740431803257,1.1909978198610778,1.2103502317639785,1.7102479144086042,1.5658290229716663,1.2237293125107354,1.2697433100427546,1.8138241520436185,1.446716090712205,1.2666248603559798,1.3092881951817865,1.2539346500572266,1.5474460260877163,1.2656757152972145,1.448909488956241,0
1.4459175649814577,1.6519908396707021,1.466927665312364,1.5064223162464434,1.5609886254503693,1.6825611885879905,1.532511883864362,1.4177669933475499,1.3736242766890683,1.7577425928060593,1.6746840491081298,1.4500761491149388,1.38600544903167,1.404029302422852,1.4179738449865726,1.3380648591858018,1.3998188703781154,0
1.2293831134351867,1.223520499718535,1.1911376175672543,1.1427084095084505,1.1328069834686365,1.2462485931280853,1.1626115204487566,1.1535971932308022,1.1815874716391916,1.2225709740760244,1.1437117388879896,1.09924826684193,1.1532009463641206,1.163093879575576,0.9733337748768254,1.021224676673123,1.1080240904221863,0
1.2859549957704017,1.3559281348430423,1.35977806405359,1.459044602716497,1.4042522866648726,1.4880480452726477,1.3839526090293508,1.3721632148076455,1.3565427481764947,1.612776405471486,1.41083195008411,1.3768188719219503,1.3070839296852088,1.246569462466642,1.256559543480099,1.3414810316927233,1.3647630591475608,0
1.1528422768873394,1.3722733811766075,1.118441736532747,1.340149218938668,1.236299271495423,1.2815180980476288,1.334212248910497,1.2105328543890124,1.3538417399549738,1.3542981157713265,1.277419248012575,1.2106315427981358,1.3186420362450664,1.256526391017972,0.9880880956589271,1.1086345696074906,1.1579541840039858,0
1.1096778833195284,1.2306709519616634,1.1360582395532772,1.1595370737383104,1.1744155804865988,1.2460180868030732,1.2058394468101825,1.1537572973933998,1.2696401058851094,1.218732559699469,1.1240307779849918,1.15984419292461,1.1621915566274417,1.103859632539488,1.0825808674706272,1.0351035319942044,1.0461398684989704,0
1.9758443437787307,1.558913624864049,1.7073128598632354,1.879677905402283,2.2945411349450184,1.9128563669445977,1.4991907168181136,1.7217440896627674,1.8389587290408282,1.5639371136492812,1.5630656241819976,2.09689683073257,1.8749745454928057,1.332058595260345,1.29740516033874,1.4949890094067888,1.3991950328998233,0
1.245734241660747,1.2899214616951413,1.2364818801759445,1.253766811674574,1.3143755744695504,1.3790616034698449,1.3641944968305315,1.1992793855494395,1.439881461902539,1.385708412727606,1.1662147174104744,1.1550772161505303,1.2146115713184156,1.1208488910688184,1.0579525314975442,1.039123551696628,1.0472794354692387,0
1.1230377727297984,1.3461360848231352,1.1794885986591699,1.1280260228767898,1.1771748175445376,1.4095911626527458,1.2677128156562407,1.1089152449508466,1.2080177198046693,1.3643486618218588,1.176576030531266,1.077380061483028,1.126917000086685,1.088373756472086,1.1320164545832676,1.0990676871872536,1.0536793239301196,0
1.1012885416482496,1.1283043881208266,1.1077953309336015,1.3360143125988366,1.1203752980676953,1.2423477200346065,1.1514455315381373,1.1438773662853614,1.199184433860099,1.3101621444499931,1.2642138288083151,1.0225464003271665,1.125051095576598,1.053892977016294,1.030805013261295,0.9030290711625366,0.8997863279451979,0
1.1097964898370856,1.288782561208618,1.130598499839816,1.159289990413514,1.1536612028529745,1.3512151422986005,1.4067111739603693,1.2003280504025153,1.2618265113545146,1.460570797121791,1.2544268101354132,1.1600053671687702,1.1130655596345753,1.1381958917798976,1.1352280377846302,1.1003063422475767,1.2132391900738002,0
1.955413698370051,2.2930976153304026,3.4061021330984396,2.3516082942490275,2.4429518688376737,2.1796266492217384,1.8620846160689257,1.9810774780177336,2.123755907633584,1.879145438086554,1.8739753669505514,1.7306893350976587,1.5344300733877647,1.7153578212795975,1.4206063139926708,1.5514414029053518,1.3670067215766106,0
1.1650410390024557,1.256636909329153,1.2023298115081231,1.1973617235855019,1.1559938801110308,1.3840245971208749,1.1627735606210454,1.2254851467001169,1.3882651514764999,1.2887641469556363,1.2737137718396798,1.1375467117269085,1.295820382661793,1.1271739007835133,1.225100847692708,1.0376567376015664,1.1035336622057694,0
1.0765274950472936,1.0585518579410944,1.0905123477664007,1.0848864860246918,1.0838210755851847,1.0788853491834656,1.0885222788462514,1.1144871208822194,1.1438883720785307,1.147098093299104,1.1650711930409616,1.076026600562132,1.1254617309468427,1.1287767725181914,0.9871378022010333,0.9571826664679471,1.0841862055235298,0
1.344382873939921,1.7783408087676789,1.4962480365303885,1.6429612122563992,1.4034983386752506,1.636868223190362,1.6758040769416729,1.5116000203338378,1.525376345250145,1.6615605292333229,1.4691716739183636,1.3688143624632139,1.4563557423388767,1.4425949722799218,1.802852999726815,1.2806394773265815,1.55382267477038,0
1.3421283343143213,1.4067288057851584,1.2859422279914992,1.308830689439803,1.3886199514033057,1.593324120011618,1.3273388477059076,1.3487079969960785,1.317978813236672,1.522679665141547,1.3130470274173143,1.2958590094909983,1.3861189138608008,1.4636953814331897,1.243372093914548,1.2582261991688624,1.1886984142316088,0
1.0945876558264929,1.0920589306823931,1.114059048162283,1.1816799217029261,1.1105903571287448,1.249428206295028,1.1408141611965636,1.1103682969324926,1.2064869957695552,1.4073903670364736,1.1576399135850302,1.0639457574976119,1.1403245499288217,1.172990787750498,1.0853847944838624,0.981656239643142,1.0737567996881434,0
1.1220944373882513,1.3631678944616779,1.110233394924758,1.6168080098232962,1.3132161162354732,1.239236190461914,1.2120045847102772,1.1476192423616103,1.3010241779084797,1.3098140529845983,1.2621818104253109,1.0779460549026938,1.1846364696075042,1.1916157632991533,0.9898082523239062,0.968580659882867,0.9627433177618764,0
1.567734810252208,1.7017786644531532,1.538881073596256,1.7823677157586626,1.7500914893429653,2.040107534160205,1.9321700440648693,1.64353466054083,2.0135222041152896,2.8173178962825456,1.782881744965124,1.7612475392932023,1.7253331588402037,1.7317341058237516,1.9723336339617707,1.641780787547781,1.6792563773121518,0
1.1447890357095556,1.274475288730381,1.1535670916756642,1.3750476573862955,1.204175114557264,1.3364187903645457,1.2006364485240206,1.1514626612236416,1.1763184860161437,1.2926992535974993,1.1027498426358562,1.0605864204851878,1.1693816808129056,1.1191069697931355,1.0476183694099412,1.06396120196524,1.0314631874194415,0
1.1090941066980189,1.1491934756509892,1.1188168369224085,1.161711697370831,1.2160576830936964,1.1275774949234352,1.1092793715263514,1.1504192644084337,1.1567223042653247,1.1451199342420306,1.1385548475263343,0.9865894767524387,1.027825141586982,1.1044950605313255,0.986561523883255,0.9568048553648059,0.9536676207997346,0
1.2164827122359065,1.2572893916308805,1.1620953490594477,1.2704735543991488,1.2186105195442913,1.3613453942969975,1.1084543436613232,1.1756608540747555,1.2436186508522458,1.3914705869228416,1.165335184132334,1.1458202211847952,1.0838342170922555,1.1529917520095196,1.0976044847238415,1.039899828919709,1.0286953961444802,0
1.2317241421612155,1.182100691887754,1.3455372026414978,1.3408880724078878,1.2792292694133414,1.432619586791711,1.2053601132574012,1.6026453730652137,1.4490251245428085,1.4727649543586399,1.497617294954509,1.3933076472696584,1.2075248618758287,1.4711486292813092,1.234556088464347,1.2429555803238328,1.1420732223133334,0
1.2571928473985141,1.8848400770182858,1.325385611289836,1.369696993285336,1.3833784631837904,1.6555944869637755,1.497423062392357,1.5093622043156256,1.4407121785027643,1.8136702986877147,1.4268268797418362,1.6152382966787642,1.3266887166257877,1.3714799151369679,1.4016125590179225,1.3152415951326735,1.5070611161750207,0
1.1272036571780764,1.1081633046957715,1.0929492270175327,1.1830835378914066,1.121598310845975,1.114146366073775,1.0715202364482797,1.1209014357670373,1.1899001973466612,1.1693739010924353,1.0758113949806158,0.955934818575035,1.0051021638127455,1.0502849948441333,0.9198725234661215,0.9711534105858804,0.9542039540192939,0
1.0679493061789127,1.1992237984986316,1.069953594376346,1.1003274473898834,1.0756280787592651,1.2209601901316494,1.2278000331437688,1.1553648546647737,1.1729228223171726,1.4460172370544553,1.1624185197948602,1.164303338123461,1.1924443347971245,1.1027658653412573,0.9839585027500154,0.9972778499650661,1.115242970550863,0
1.2925615295850246,1.3161748177389767,1.202286373236812,1.293432245077496,1.2008203000948887,1.3231810580375898,1.3374067261745002,1.1802775756913932,1.4169104200401978,1.243424574808808,1.190548933405871,1.1277710835926238,1.106645760975867,1.2612999683710786,1.0672957155638474,1.1695144791808831,1.080864967795033,0
1.1124578913288663,1.2485132838265611,1.1640923323260435,1.2228706282893322,1.2172573462652856,1.337134186304119,1.2284679394317084,1.3012289610665508,1.3712318073172778,1.527495771367055,1.260178090615972,1.069389311741054,1.1529829196905406,1.2141754250182701,1.0503967201608286,1.0219151849015444,1.0343592593603461,0
1.2646042937815232,1.4355422172027512,1.3856101278138804,1.342024650073029,1.3338414820295081,1.3570775303467222,1.2605289475447157,1.3390574907916561,1.5247569150394753,1.454696414307395,1.3198400702692115,1.2069807968291142,1.3173674890952414,1.2232315475967848,1.170553763161876,1.174493571536597,1.2967824473443987,0
1.1233930068226459,1.0936622373112963,1.0816834964829691,1.090863449601468,1.1080103828834476,1.1154548125690793,1.0881992332742654,1.0328755678322026,1.1365928019947416,1.1138514335011536,1.1677504390821876,1.011152329218033,1.1313766275696109,1.1330734745422433,1.044818741043644,1.1128660101581267,1.0157496691628904,0
1.4378767223756332,1.440109866532982,1.4069071633685832,1.4496065228280854,1.7700195171605313,1.5281372211348638,1.4071183345187483,1.372261299956036,1.7594171971872847,1.5087557057924128,1.3626932210105764,1.5052371991215299,1.684500880966745,1.6194787890792446,1.4551929399311492,1.4998277964153919,1.6481074721732014,0
1.260738207878218,1.3333621113633196,1.284836755942028,1.3537585647314523,1.2937610547411988,1.2786157778277902,1.260907173006734,1.363523683962818,1.4084327209611203,1.4085336185817565,1.350078394503409,1.3367217970751346,1.2878785771159271,1.2576405619043216,1.190943101807248,1.210459570282106,1.2223930700720935,0
1.2577238424135622,1.2083687646046317,1.1773668978622898,1.3364437420242963,1.2357528709003753,1.4731162174985544,1.3449663194384487,1.2230328196989426,1.2805498811702738,1.3202713248733957,1.2302999725227337,1.1076005051330418,1.0788223435307123,1.1111713101787164,1.1670647105938832,1.0289826820174417,1.1437216928218017,0
1.4873424796836336,1.4325174739978743,1.3298958049673542,1.591101227080839,1.4270877474272359,1.5732438539937619,1.3582002443573549,1.3689267886463128,1.818823152678984,1.665587680950429,1.3813097759999704,1.2511726057192625,1.4611326518835515,1.4232847256380117,1.1303895119059952,1.4044600664006008,1.2380706987007786,0
1.1385924406387156,1.152129913209493,1.1800370271744076,1.2560372283710526,1.432310812966464,1.2121591738850652,1.140043410584667,1.1357188196000165,1.3263432691160726,1.2721667132534324,1.1145593568980738,1.036048825559372,1.0312533358880882,1.110147928149222,0.9395624433876472,1.004502882888006,1.0283389341602271,0
1.2136438576200688,1.316964724534602,1.3301605916862804,1.343996996147778,1.2748200592036008,1.6064113460462155,1.348178179779324,1.2577678588252188,1.4854066823516046,1.3193682019172983,1.2034160443480717,1.1981895064783217,1.228509211495322,1.2839996613713676,1.111190137844904,1.1539159384641449,1.2080843944229662,0
1.056136591058755,1.120167026289577,1.0739408394414605,0.9983638681671327,1.0193146129768884,1.2549537527349264,1.1040045293783596,1.0276092475812721,1.1054716887453404,1.1643346125303249,1.0839091088053203,1.0370104137308949,1.069279004830944,1.0121180745557181,0.9646738660419417,0.9597626829882274,1.0400059857956712,0
1.0528568196372574,1.25882050684279,1.0976089243904081,1.1542774014460704,1.1550977909545834,1.16194610344305,1.113355841651935,1.1140557280171859,1.1287152281532145,1.2064553918810432,1.1238635140241273,1.022312548919275,1.119804690394894,1.0103401158328318,0.9986076854660308,1.0307991252476956,1.0270616254622578,0
1.2712681434160136,1.3651372063171838,1.3232171929381735,1.4088939352856484,1.5590354514253124,1.4783445289633217,1.281913732812517,1.340124521984346,1.5977496277884553,1.4277737531764485,1.4407960009661287,1.3761331516230675,1.4011334582120185,1.4167324003948742,1.306030585726047,1.2541919729668052,1.297602593910936,0
1.1257406726240025,1.1929845862577608,1.263014985223251,1.1181573222906989,1.1423978311273042,1.1381300663509053,1.2186356468322517,1.4012343019818798,1.3693631799123247,1.421633320070287,1.1364143608471984,1.1306231241368854,1.0157581011917627,1.0936603015371094,1.0665093111694335,1.0687510680413308,1.0772803281809293,0
1.127432696912956,1.2187310691093518,1.1612721053801596,1.2280110537609454,1.2632817240703955,1.4061584654510344,1.2299865879468972,1.273407087647714,1.2888647177313206,1.2414058609438607,1.2682123169735329,1.1522410784579409,1.150654788171682,1.1664787189065167,1.1730992190486247,1.1330846628133746,1.110488912137955,0
1.3343396895845687,1.2997071024597013,1.310893407477396,1.2594477546314025,1.225167303704516,1.3210555323711624,1.2626432830190195,1.319087982763689,1.2602456274153475,1.5832065940643552,1.2724221497396144,1.275917700337602,1.2701731576559645,1.2955477433120703,1.297560439408236,1.2857283313958172,1.3701382454714937,0
1.160875529226104,1.411609138974076,1.2421796419193438,1.3745228552904427,1.3491388681526157,1.6195481671752476,1.3963525065400944,1.4398321528245643,1.4942925935572133,1.6918851173417253,1.4683770625578672,1.359793160759819,1.3967589020869082,1.4568669237908347,1.3694317609935847,1.2617208123810835,1.2421129721481672,0
1.136774447664701,1.213055269923951,1.1685173594656966,1.1767699159471532,1.140520323914204,1.3690923157991042,1.282695782958207,1.2594149649897217,1.3037962936705794,1.4459420244394798,1.1964490301110138,1.1876328133004317,1.1008620581565483,1.0647266562089908,1.0940913501128684,-0.5812618011595385,1.016937162395104,0
1.1895429660851824,1.2276608011257788,1.1794388098911606,1.120873750270044,1.1480053648650783,1.3088040824329512,1.1937051957755052,1.2032832802935565,1.2305448779237687,1.1720173082506384,1.1283896225047994,1.304136463170667,1.1967791386895499,1.1298205246772284,1.1548713960865764,1.1566507968818736,1.061585873294285,0
1.1307850853525407,1.2330713908645579,1.1349072989891373,1.2337575247004453,1.2157951204431072,1.3554577786431354,1.2081174885177952,1.1904885193552843,1.219027054954923,1.142028007451158,1.1442698519027865,1.1335172595450775,1.2112295988385673,1.1921145626037142,1.0396808812420557,1.0941516431979708,1.0449182798837313,0
1.2513611574565697,1.213944814203312,1.2243922023933373,1.393440309176534,1.3672442360481065,1.3059999559623847,1.1893443806533104,1.20895560867905,1.4209438823946299,1.2951771112278128,1.1826654499940572,1.135810771296569,1.1930580744439674,1.5090529569154145,1.0744646334790717,1.145237249465424,1.1061988544881503,0
1.4860479322412976,2.1207433686616817,1.5588325549528383,1.5858624621333643,1.413536938784458,1.5433860746532029,1.5994809349583612,1.7361954313990202,1.5260906844184827,2.1890512444051886,1.5756646831916183,1.4031357490709417,1.3737898864838651,1.4079062417271773,2.3705172261956,1.3969657571825806,2.0642376627369945,0
1.3456151482450847,1.3569527337112268,1.4038857747202695,1.5539121095751574,1.523930295521873,1.4677031928371023,1.4211047103382768,1.4159028185665001,1.6664025409177259,1.495262517936585,1.27936195286129,1.260237449372519,1.2624149119193708,1.4749338833912702,1.2145002366648832,1.2419876820513844,1.2689346196578128,0
1.0508766196752215,1.1873414784636787,1.0635031966693882,1.1112856984460524,1.0973329449803861,1.3197810408972357,1.1504690025960704,1.1628775544861447,1.1975495563089507,1.3372953842725985,1.2927324436894665,1.083376006018415,1.181098694949213,1.0473744479848937,0.9942124693346919,0.9989553613384802,1.097478486062746,0
1.3695702912710583,1.500218836950188,1.3419474039488937,1.3581796996179685,1.4178170344936394,1.607033316084279,1.330556259913094,1.2127548139363418,1.6133162381426107,1.6667637169891305,1.374634473320275,1.3851267476071756,1.3895244590076044,1.4393841012967024,1.1972791980217825,1.3835403954564616,1.248278512300054,0
1.2074687321750992,1.3644347537182504,1.2114452854861044,1.220277521907363,1.2040735289434554,1.257362055585751,1.221035250897982,1.1906035974142402,1.2839273471454953,1.219005299033354,1.1789939167457464,1.301682264504924,1.1696767313828975,1.1873357630821826,1.2310154924993053,1.181520910755407,1.2443550225463273,0
1.3583927715472495,1.490282199795483,1.3761231818851327,1.4476274779264016,1.4418744958741287,1.565259024451069,1.4489557694611201,1.3462586885267875,1.4721261222609092,1.3892019895349603,1.3388641907556929,1.212063924721212,1.1882759117633617,1.2058906473104385,1.1684618852651252,1.1400498302175746,1.1136953044995315,0
1.1759019410618714,1.2879758778072277,1.131066153488176,1.2137854445021823,1.1708660177424985,1.5566206881049864,1.2650069649200104,1.2260591492114392,1.2792593896661302,1.810257864076268,1.2810701664634094,1.201476061837298,1.1370817849565094,1.26704657020736,1.192148101907525,1.1175197541047088,1.2061839326496049,0
1.4126550874532182,1.5209633194442096,1.2957268278586178,1.3117591469966048,1.2618191520814437,1.6047333742699104,1.4873515015182381,1.3046086985856034,1.368916494943114,1.5925032160567558,1.455458390744772,1.5358022034225456,1.4743429411717386,1.4291130528696765,1.3715650731661502,1.5152242847727262,1.45851965042201,0
1.222449760123797,1.4688658696821966,1.2876510359596398,1.1758545235336468,1.2289549311119186,1.6523415813393811,1.4552141676171988,1.1984733276485442,1.4103875489595061,1.7587399133244348,1.4716349585750026,1.3678387862764596,1.2387785895076284,1.4343147669113276,1.3228803540840646,1.2355980620421825,1.2632017160761522,0
1.4732925320630896,1.4870150886452629,1.5062290580673727,1.4710855738506707,1.465236353931262,1.5147304483523514,1.539886470718825,1.712227690345732,1.6917361551163745,1.7722553916557868,1.4292123886758281,1.6412345491732754,1.4411763993412614,1.3215167636362324,1.3781564719773225,1.580304549689919,1.4197253289489276,0
1.3870001754302022,1.6287510912785597,1.4542829492298532,1.4309251626211728,1.377115803543286,1.607968183270895,1.4720341271531496,1.5786121994395692,1.598046615396935,1.658673213600865,1.5520759366927008,1.4639234467415632,1.3951047138411805,1.375804787351903,1.7736291295914746,1.3156582613240142,1.6679901463959825,0
1.1264248682370621,1.2816208916906884,1.1763345647873653,1.1136568627616257,1.0849026658000114,1.256575652738551,1.1586997094862626,1.1393295598997484,1.167564796107725,1.2040760810028197,1.1533850310586016,1.058355461286332,1.056814103029626,0.9910332297765629,1.0045058938529698,1.0115571542772361,1.10298211517396,0
1.2873093218955203,1.3576387204355684,1.2970221555626915,1.419905691040764,1.3076813774634857,1.4421674026924944,1.28887884512334,1.2431282924548275,1.4008098263051958,1.4620307947428468,1.2094135329679572,1.2665228311072134,1.317426570421044,1.350253203000265,1.146094867048797,1.2547400420175512,1.2834374253582026,1
1.2242411436728016,1.336268223255981,1.2411073429679904,1.3177842769504862,1.3025460181038304,1.334008506918381,1.326696277024497,1.2778539764542551,1.3549817377183488,1.4917153405009311,1.291446421195731,1.2964424811663657,1.321155910330074,1.5128082667928713,1.2637678267000023,1.3664155554837936,1.2980158648940907,1
1.1723566522587916,1.2667869123031528,1.1657333259917506,1.1655768334628993,1.1721370384431002,1.2376488156782228,1.2407921017908965,1.1278807784490807,1.1563949514779106,1.3356149866959737,1.2692556142077727,1.165974029663014,1.2568528719143455,1.1131716923168418,1.162944932287649,1.1666754853532757,1.265992950611375,1
1.1839290264268452,1.214358920367363,1.2510029456079839,1.226265897956615,1.3663968916907736,1.280570117657408,1.1819107488544496,1.0748713000050278,1.2475253090156164,1.3766472024379417,1.1407563619516894,1.1181137566303443,1.2494889887850684,1.1872049278443262,1.1170275559594052,1.0635951002449757,1.090942123015469,1
1.136363074469386,1.3138903822576233,1.1542691044069602,1.129124550290568,1.1840511383853254,1.2135255099459452,1.1985830116813565,1.0806950381351246,1.1582656638636608,1.13902067867608,1.1263098683261665,1.1838320137963667,1.03007744833912,1.1372652293978758,1.1599725661230105,1.0334957130843436,1.1465475840505863,1
1.0312341705448143,1.0766543169976996,1.0968413593202895,1.0978903889545566,1.0909758426462437,1.0873079201638487,1.0531882087436628,1.1286604133536835,1.1357565212542848,1.1563813378105903,1.1093942852520604,1.1149176135394576,1.1560770676430736,1.2389834910224007,1.1064182750579372,1.1543590523147942,1.1221785263374493,1
0.9497092555308945,1.1101783784037509,0.993495443335195,1.0302570938516458,1.1406344761720921,1.092029643978316,0.9780963247694033,1.0652895547410846,1.134060612571534,1.1127572446480702,1.0663226153436953,1.0087241838273826,1.0138037531415995,1.075455658360302,1.017844527506687,0.9776523445093673,1.04266810825284,1
1.2882945082043975,1.2535006571624918,1.4103986568484193,1.4228382246099698,1.3956063704318722,1.4020002517041499,1.3290777322151563,1.274172071355782,1.5244431338355766,1.4476556033394476,1.3873953418825897,1.2858573161700648,1.4274690146830755,1.4373430937097553,1.240395110425942,1.2618180992920622,1.2433257668185542,1
1.1426664710435008,1.147685625001376,1.0492510457024407,1.1081064908180382,1.0846962311690291,1.142334489399919,1.1196597506266495,1.025766845146155,1.143475427450282,1.232501594784087,1.0449611813336988,1.1127733121282177,1.0762242350960431,1.014468209541659,1.0560051845119587,1.0303663973407675,0.9624218407150016,1
1.404212861207168,1.2727903748544351,1.4625192294028029,1.3825587601502667,1.528935886065846,1.4820642368413635,1.2867328225898391,1.3195037150855091,1.8464731951029012,1.5706080634733697,1.2040090197090878,1.1618777724765028,1.3828810935914166,1.5261674204277336,1.2378949286363132,1.227109605043988,1.2095391558848931,1
1.253218883798896,1.3237803853084007,1.2028750519468332,1.294298576649217,1.2591112750352766,1.3584272179577386,1.285765803775989,1.2802205434645566,1.3161877209894972,1.318264742184871,1.281901936043912,1.0710285131605,1.0145001951726969,1.080689758230231,1.0441686392797334,1.0486489814236395,1.1942963346343602,1
1.2152948563328232,1.3677855685258127,1.1501730969186157,1.3398724084875289,1.505484754687485,1.286891380741392,1.192247967375212,1.102623963328487,1.3282538681286904,1.2342199679116592,1.0709297363227601,1.120530185668312,1.0920717799731516,1.2250155487168692,1.0555859385647917,1.0386640210998146,1.0765650727541554,1
0.9927681950439151,1.0160307416294128,1.0026797308421835,1.083426612418358,1.1298627963651064,1.0479944038208762,1.0596735803245443,0.9402950799076162,1.1717959073730684,1.1712131164879982,0.9593115917841856,1.0826456215816658,0.9977557924896081,1.0633028663597577,1.1217679946531014,1.0505155284972911,1.066709997570457,1
1.2018828275088955,1.297765311579377,1.2429150910415736,1.2007338058847448,1.4778903025068781,1.3217803211019064,1.265435767375793,1.4159822305595064,1.2521835673444999,1.4711345892730605,1.3070184192960397,1.1827459487984502,1.3241967236630166,1.2231979884940456,1.2567689536610989,1.2718751797160135,1.1501176721065738,1
1.1864400586236448,1.1194446041831523,1.1210043430553134,1.2158930904133332,1.2650835927685091,1.2878938009267782,1.1387628891556083,1.140048089573871,1.2630054046682901,1.2199855709428995,1.135587268750362,0.9592983394039131,1.0861133856637168,1.0922164707523734,1.011672871421862,0.9786402320316286,1.0253345093559754,1
1.095397278415159,1.154765527553288,1.0837375359529478,1.0829260332427568,1.1154878959844723,1.1832988903200758,1.235315095970842,1.1536260297047645,1.2147082111834417,1.3687946493022995,1.1466326719449713,1.1071133793173042,1.0745442171760542,1.0378739712553642,1.0784571820600624,1.0842813081720553,1.133255914073845,1
1.214855859459912,1.19833862280369,1.1885504445703894,1.2494330208769977,1.3054705905079598,1.2353534593082072,1.1790664263939685,1.1462996705634503,1.3338070412111864,1.289714521159692,1.1687298163783781,1.1015777427959408,1.2198882553743957,1.2434607414677616,1.0865169651003395,1.113002496309362,1.1963020105658575,1
1.1850707209011924,1.294192577919178,1.1107257238297843,1.0704075441159513,1.1921741944248083,1.187479616784597,1.2261753730032214,1.0871978175116248,1.1420248255941692,1.1730943482936051,1.032012812650211,1.1671914247365687,1.2651466711106156,1.202845919915027,1.208697402696689,1.2002695710226825,1.1386676276371968,1
1.3891931966990665,1.3670334389559509,1.5401485863796303,1.6970105533446551,1.671069534352031,1.5997138214143254,1.4964960029807564,1.6155487038531338,1.8891669786498457,1.707753329734146,1.3411950297123,1.354060115761327,1.4796675237102102,1.4893446451083083,1.3487135261421028,1.2201282622766985,1.2076483367308246,1
1.1791525431324104,1.0639649066626249,1.0999367415627024,1.1757543951891871,1.1965425284022837,1.248199211048912,1.136894830655789,1.1059833462872708,1.1589454520275915,1.2234867262426656,1.0820192083300202,1.065763585596787,1.0683308243425806,1.0957733429960872,1.1502151091852542,1.0294730154362426,1.0730659720500977,1
1.0273999954062032,1.0794305366889907,1.1048346953531123,1.136914378936979,1.138532568588802,1.2553868915008717,1.1442805973805321,1.1024681672867485,1.374276904968402,1.5763927468476404,1.093128534968772,0.990194998685481,1.0942117109194731,1.0089955389103962,1.03396062079693,1.1505578343214802,0.9878337449293503,1
1.2089191963603652,1.420743724936838,1.2163590520988672,1.278939391743632,1.1751862970489821,1.5132158925853767,1.3369781900584856,1.2369299136950493,1.2734499692795838,1.5927729297769866,1.2985085779323433,1.211363415828262,1.1884137129952423,1.1770184241581931,1.3098720892628724,1.164825769712097,1.2456461116355944,1
1.3080656346060873,1.3964316037854094,1.338717900421455,1.3716694961866198,1.2890847793368712,1.422031534584883,1.3607243175519084,1.1476944774415125,1.2306547473843368,1.591485412075754,1.30906555554621,1.208859289645709,1.1101838816106038,1.1173102214623807,1.272195300195943,1.0393923962250748,1.1160788542508528,1
1.1534078100773226,1.2015671944235582,1.198324103795066,1.3186055672881931,1.3627647918109493,1.2950657706894666,1.3239603646386464,1.2530695949493782,1.4146075642340323,1.3781396184850265,1.1544809636640858,1.0827645989505614,1.2068540260484348,1.3455974617177868,1.0377231382372967,1.158027528120724,1.0893045718882624,1
1.3047487395136528,1.354914817304441,1.2078414120861294,1.3280693697617145,1.3714829437486584,1.4161604789374693,1.285260318216975,1.1430869696288786,1.1795450913010264,1.2866684943074245,1.2555222687516236,1.2453312849127076,1.248443096427358,1.3987497602093295,1.1625082427744693,1.1426475651456462,1.2010390810100462,1
1.2261523495154543,1.2706602672618943,1.1852144709851493,1.2487246813369763,1.174232223789338,1.572333243819411,1.3564273674872824,1.2877690767228291,1.2563951808413307,1.4702035922060666,1.2463360045632332,1.1880836765812663,1.1632443952986014,1.20763255485906,1.28639729701508,1.1767911979565984,1.3448500028107544,1
1.313255839063699,1.5782100386507234,1.2428394103814506,1.314407784159029,1.3318141042649214,1.4943695934817467,1.3523016133458716,1.3885323158899008,1.318990085595708,1.752579551518618,1.4591457206804226,1.3302595404608695,1.3623994096953203,1.4774978540074102,1.4101544346345172,1.3095749337336269,1.4840238878660281,1
1.2917149915770294,1.422843879880769,1.158346718817216,1.2293868679268496,1.2411147203900543,1.4991311168994617,1.2292858679507117,1.2277645249223261,1.1925824592036063,1.3996425162487987,1.2051616771821734,1.2055463234396762,1.2212215014359251,1.2489009858559987,1.2990410409819888,1.2338450852908112,1.2671479431421673,1
1.1891141720514342,1.2057505428389215,1.2451329227604202,1.1456787242399482,1.1274110364292214,1.1521493733610833,1.1693397758357384,1.2058234678451385,1.1741536817750502,1.1247509407584844,1.2035290544272346,1.3411355844064168,1.2227711783822832,1.0720957636400794,1.1733159565026503,1.2583822427759361,1.2342516240618078,1
1.0484747196974264,1.0888556184456606,1.0756402568450523,1.1808330243055973,1.0778485183099824,1.1119718744547191,1.0694449163457969,1.0998878050278695,1.1564768971432502,1.088072504214904,1.075030110449646,1.122981689341627,1.2077089703903392,1.148679270924116,1.0645376925814667,1.090073878040419,1.1762405947413335,1
1.2318136059950189,1.2806428885975647,1.1615087876697403,1.4713086111256677,1.3632976888219814,1.4344029511046248,1.1498714323723611,1.0435711878738507,1.336654301490712,1.5295321091502312,1.1613628106036837,1.2585158747063236,1.2826001198200736,1.3981278924571279,1.2654389066803668,1.2327073723545712,1.4154049287061556,1
0.9997818798509609,1.0991576214457004,1.022586225574354,1.0171870204799836,1.0490282279384626,1.1924896630873036,1.0955010219974064,0.9987281232116876,1.0130729871185313,1.0994441153928947,1.0640258149734942,0.8962825260473509,0.9011792418644986,0.9125299467284499,0.9349574255996688,0.8648408702158554,0.9398530112484061,1
1.4115115584171376,1.3799627182799896,1.3149786574582218,1.3814189765965328,1.5478138032461066,1.40593429887955,1.3330857464569297,1.2412268256447943,1.5518022400576994,1.5770460586065358,1.2795905223946569,1.2975684754674015,1.2480655121476638,1.4557029692065708,1.2558227373427344,1.1648902142866977,1.190030103538251,1
1.3114382506805002,1.2736625965747423,1.3040434423612155,1.257745606681715,1.2012653260064163,1.1883295575027597,1.22281587595933,1.27997682097982,1.2042192996351946,1.1396281423872292,1.2189671305384158,1.3312398867727209,1.2028024098953223,1.123995206479953,1.1321564967028896,1.3961074391932362,1.2160694508200183,1
1.1665858230805521,1.3064254378417033,1.2572403852422047,1.2222604382312707,1.3940295999400294,1.2915682939796118,1.122714611721053,1.14145101342919,1.1989188310191972,1.3139896662398147,1.1083856210360534,0.9988718981642879,1.0253707425284737,1.0794455580118245,1.1262740253667278,1.0286756512163575,1.0078172745191831,1
1.2640198578814223,1.2920367929848575,1.2742644272083763,1.2451645960560778,1.3394238816639428,1.2801312022024993,1.210009298490147,1.1203277321600693,1.2327718819025275,1.4505051924525028,1.1664773044613648,1.1761863453642034,1.2437528821069854,1.3473577710185471,1.1466395722723537,1.2950289155404546,1.2466401214621503,1
1.0716910512459967,1.0536429203114668,1.1086395601296908,1.1160501137174077,1.13522404697312,1.184566569601546,1.1070913568086147,1.1396040363586926,1.1787638494854886,1.0940390090786796,0.9997529146973649,1.1760329929267954,1.0996791108582906,1.1534675072428928,1.1412002632066247,1.1247225149068358,1.1650248276644881,1
1.3680280551441457,1.3650003192538291,1.35360144044588,1.4027311493996037,1.4381766001264276,1.4988788828473607,1.3301754140969786,1.3464393250882636,1.5390758682781736,1.5429028277559298,1.3585762300276203,1.4693413266833135,1.3009938539239596,1.3057105126298563,1.5384342663888664,1.3224610816216091,1.282011030808104,1
1.2163571006167333,1.273351980859131,1.1521759565783518,1.243496664501845,1.3044904907513841,1.326828627063688,1.2187463441420654,1.1236330787880608,1.2791290589417752,1.2282247120491019,1.1705986273264073,1.1024156891467907,1.2846099033293141,1.1931053001007186,0.9648790978542212,0.9726778523019434,1.0021908182503543,1
1.207754603082416,1.1727246858140743,1.1703036355580216,1.1785823315845907,1.36888466652027,1.237250306431622,1.148096450390211,1.1265675812454985,1.3407494555079704,1.2870377277888756,1.1463416179122379,1.0327495723708828,1.0985177007735394,1.0434831419474047,0.9500241935894397,0.9804265076756407,0.9505001832463787,1
1.2254876330447957,1.2403753385845695,1.092632304059616,1.279778366623638,1.6134943201912932,1.2232226665789914,1.0459322588215711,1.0481816737321827,1.2707557076857638,1.378261485115006,1.247184271879925,1.1033745964492228,1.3131926849622235,1.3711339407792469,1.3757086207215465,1.0601224915789125,1.234726509003036,1
1.1104249967198345,1.1295519902508786,1.0610517908034849,1.0954327788599327,1.0353818906363685,1.117512130583398,1.0932650298059012,1.1696702951258968,1.223488181715697,1.1738810667140656,1.0535356235449764,1.0769591663293119,1.0816155929940126,1.0514889675073875,1.0225230993217203,1.0345893060765932,1.047588507870427,1
1.0920170005592007,1.2632005627535623,1.120920432741501,1.138926769538768,1.157628693894783,1.367547006543997,1.2147931371235408,1.15584240895161,1.1405285272401429,1.321933199683442,1.1399247768355478,1.069965112173464,1.0547378060801458,1.1610327761234709,1.199941964751581,1.022660985856032,1.1429111331608492,1
1.1304378734170581,1.1878702142121476,1.0950312381656946,1.1163083397109195,1.2506308213061843,1.10259128485055,1.1821758420411717,1.1176311211183425,1.3602473364297163,1.2326889682343387,1.0785657370889186,1.0285081289006566,1.113636510856531,1.1647439494154117,1.0666781376056904,0.9634012251761839,0.9889361908695101,1
1.173354685320041,1.218933266265635,1.203284661795122,1.0843453759914328,1.2779575329610704,1.2685286278969035,1.1945752315911682,1.124053454108464,1.1329868390135736,1.2036720157153118,1.0296890358982878,1.2031133819039637,1.2311561937935602,1.2354544213303131,1.175706086886011,1.148859499316592,1.1510088486032364,1
1.347651844595477,1.283554461841144,1.4829244795645553,1.5723009520068587,1.606732340729478,1.5052146390622,1.3063945482411123,1.3438414308097781,1.5969512627656135,1.537837956225181,1.3106460451564104,1.3199327313344755,1.5792371767344737,1.932279981228164,1.3569927015712977,1.4053969656787941,1.385578156923009,1
0.9467544279698472,1.1037452648778445,1.0000982070998652,1.045195941963103,1.1335631690413175,1.0930124122945781,0.9433312128479114,1.08580050722498,1.1348104576928308,1.124775393768415,1.0660309478430356,1.015535807779979,1.003445313978224,1.141707989640943,1.06259549858176,1.0035695126576998,1.0473659249324956,1
1.0162317859078158,1.1656978280732855,1.146996643789818,1.080337932438051,1.0595792730193443,1.1601458936349904,1.0447076362619705,1.1109022849894934,1.0646067464761915,1.134678982366425,1.2708047325450917,1.0579306297738544,1.1204935476590712,1.0483268859864163,1.0136390520976257,1.0325745728143663,1.0294785686303811,1
1.407292966498795,1.3778419525332122,1.4176496009108854,1.5194360644623008,1.7013791650374352,1.4155650915316578,1.4131518145456934,1.3378452016977018,1.6551899007961035,1.6110575939711962,1.3290504384567414,1.265767170771347,1.3657105135671783,1.5531543475794831,1.316937240096827,1.1503277769891698,1.2813223025184959,1
1.220185506470756,1.3238033670987288,1.1468865976690967,1.2435723770407594,1.2812126574473228,1.329489245413055,1.4240754170304772,1.176385933164675,1.4261919813448474,1.4821704691560649,1.2447573284792774,1.272270586193328,1.2050845341894298,1.196968696289844,1.170882954672284,1.1972844153320057,1.1217689968536018,1
1.2559150043710914,1.3675872004358147,1.1776916792429417,1.2627368807556905,1.1688708378028858,1.447374039633063,1.4943596652506352,1.0965710668837079,1.1893254785231295,1.4006811322690846,1.2144611089674289,1.2473005946048759,1.2471123987709465,1.169447736030892,1.266436473097843,1.2716398255440104,1.2330551216625127,1
1.3128853046784423,1.2633851571462544,1.270751046494793,1.3302114204727467,1.3588634532026358,1.3607529837898356,1.2288968740412942,1.161113206034779,1.4040671852200048,1.5311169039442858,1.2067869095638524,1.1662404444267813,1.315634075112677,1.367677016774344,1.20592941461969,1.2108766898828884,1.192835152914975,1
1.0219336969868613,1.0512680678857655,1.0378207598706894,1.0481189244102624,1.0673959950490541,0.9486456856972695,0.9988364220643969,1.0863099882043108,1.083229704704028,1.0237628293423273,0.9555687065433646,1.0552560899032994,1.086244937084239,1.0570050863510863,1.1621462972833905,1.0130092020220935,1.060191842311985,1
1.1733578742629471,1.1473218015781697,1.1961611242301322,1.292671344972801,1.380635181572286,1.1977470882011756,1.179771951241643,1.0728818936621647,1.2643940670925335,1.3977093839570116,1.1607631657435264,1.066979934489984,1.1454734805282192,1.173332581441164,1.0287025224322086,1.009559975684006,1.0569471861143989,1
1.3120243994513292,1.4887748247552797,1.2322654069213297,1.2917514793980693,1.44925309194996,1.5883119093704299,1.384582799317193,1.1370070810917274,1.4385308935571917,1.9093112068269258,1.3707729636259034,1.204135215958388,1.5149721444314612,1.5798760207464206,1.3429956057563157,1.2644922143025832,1.3889640001528734,1
1.2323249339787943,1.219266940879876,1.1574507449827258,1.2704149935465616,1.364301543620425,1.310664261074619,1.2683835438473283,1.2723571815613874,1.4298586430920626,1.4277292133252284,1.2625090257525617,1.1138855043514393,1.4462182035134996,1.2165710133312022,1.128882348406061,1.2423951640367474,1.1899613308499668,1
1.1623014085214496,1.23593965971525,1.1387250432139226,1.3875784965717222,1.2810985795687206,1.3001161223751085,1.2500931272314775,1.1102945859280924,1.312765636174847,1.427776787126068,1.1313535868535427,1.2618782182693993,1.2464431855719549,1.4927039263232968,1.4570787535441507,1.3047432972062094,1.2991404721375883,1
1.0845555967510092,1.2048944284165086,1.1152824481214532,1.1050897847571597,1.0882356985791033,1.2440914380265817,1.1365965362295924,1.181798914555246,1.2065271480864708,1.448074512518585,1.1473101310290637,1.136935094678194,1.1068588001722481,1.0424925066718889,1.1793180010005726,1.0977358441197043,1.1223407182850111,1
1.1315273377578527,1.059038583349534,1.080094584747565,1.217270197374971,1.1884096485858024,1.1845684307500597,1.0705315905843715,1.083616589981877,1.2575459551515629,1.1331338068441623,1.0377185131852358,1.0180455426745032,1.0887614700726118,1.0531401874987343,0.9455970051870328,1.0132102806753371,0.9933907703582667,1
1.2442766616832261,1.2790316321220268,1.2712044171761918,1.292318600760674,1.3317550435830827,1.496127985127767,1.2509556771394834,1.350384023293545,1.476324337741152,1.4897276068496221,1.2698626187241606,1.2544748057915551,1.2938267777930679,1.9608745372314182,1.2750170983883922,1.2693957667932687,1.3051735065028853,1
1.2557497541384954,1.471098170033366,1.2884056047006085,1.398943051907881,1.5146354409128227,1.446845591208179,1.3110672590472179,1.2840784433876056,1.4473504657961578,1.5081451257347391,1.2584468319995146,1.3657386860854523,1.4685787797022045,1.5218563907022986,1.408904872908683,1.3260851106818168,1.3683587036519227,1
0.9998157534393818,1.0273717128809,1.042334555097413,1.1272352463173771,1.0876722186437593,1.1495278288118875,1.0745606454432708,1.047904333712265,1.1511022085132898,1.2845594367235713,1.2061468670328255,1.0037789577704694,1.0919206030190514,1.182170728439994,1.0800635487751953,0.9969068553029546,1.0800635487751953,1
1.3348517542386509,1.3202638690526314,1.3935145816666274,1.3440562503622537,1.3784859334442958,1.4940832831131494,1.4172663759609645,1.554882183312726,1.4800692262642314,1.465940306886941,1.538956448744488,1.303243716293357,1.5039710393657026,1.2333242448849135,1.0746294710249267,1.1519230340840723,1.2805719297251759,1
1.0724753039433066,1.2562946273667426,1.1059848907117957,1.165580212378495,1.115342202487529,1.2370964032846201,1.223633815846987,1.1198990412874825,1.139835102182401,1.223678301706416,1.245955153601476,1.0540294717152872,1.262778902684236,1.1606938683853445,1.2643933316174472,1.166443403142091,1.156087803239461,1
1.4016005801928333,1.2795006663427446,1.326219125763221,1.3761444882724008,1.5339192778183068,1.4756800261815328,1.2937016967027195,1.3210595383126438,1.6709101297155275,1.5877280082663532,1.2144367376249268,1.1552164164004415,1.3378254591097873,1.4431468050476244,1.2403192388696178,1.18169042348419,1.205884939805844,1
1.2292479214751935,1.4329549407478683,1.1804613074420929,1.2990570497856706,1.2019266437353238,1.4908484818681371,1.323873945220265,1.2626843899388527,1.421261152091655,1.5817191945608327,1.294522371207557,1.2331619235604554,1.3648295526230394,1.2773759127996942,1.1977664474867378,1.227068443352233,1.2205513007158608,1
0.982686892948286,1.0987606886155057,1.183067668784052,1.1089562533103057,1.0364803982518835,1.2050556520162012,1.1383895516920128,1.0819322728760834,1.217928536446719,1.238642485359193,1.073124674229166,1.0189781326311538,0.9027969809496612,0.97548118513121,0.9330622916620038,0.9400780043386572,0.9768651861627302,1
1.2339178741833605,1.2915933788926328,1.2437165907118901,1.449306286519965,1.4253678700903463,1.2923072222285579,1.208273589269161,1.1491225688165003,1.3203266680355206,1.2660784696500131,1.178981573983014,1.0873869911479113,1.0796386390165398,1.1706100456448638,0.9547790689861014,1.0352748455154421,1.0318412143145839,1
1.1121235204571247,1.1965989537310757,1.0983713943791138,1.1154750664683235,1.0825108612499323,1.172029923979197,1.2167386982906125,1.1105273716342774,1.1648909566789611,1.162875096702716,1.19571776343261,1.0779035873979803,1.1064310525322913,1.0853289160196988,1.0238600912286577,1.0048022881335577,1.1085546945052378,1
1.3986393742470362,1.5264009369037026,1.3371015897503644,1.5876139316254951,1.8100346164841488,1.7953809532806488,1.5423579304359805,1.4174661472912684,1.8644645593637943,3.858718928264857,1.8996121182839902,1.5989647392393305,1.5989643363892176,1.5988742176807689,1.965186657868255,1.7602118046460111,1.8607331153459419,1
1.211518305679625,1.2628067590969558,1.2040843297022625,1.2769286703469778,1.2213261200002432,1.2754386030656082,1.22942120593928,1.2237147385337055,1.2647861620361243,1.4468283084681544,1.2935592678688905,1.2088392556990648,1.296537508492809,1.2453258251337378,1.2859436584620418,1.2913733056729237,1.3007923404747759,1
1.1968642261473394,1.263564944661457,1.2200482637117507,1.2416224912008085,1.2916486806662708,1.3508401178610787,1.1201770578024737,1.1108233362820772,1.2579916270182505,1.3645514058654704,1.1752028661340737,0.9664865801596509,0.9987385653914582,1.1730873570713731,1.065552289773924,1.021298512311811,1.0392568472113388,1
1.1460960665876654,1.0645246841478828,1.077713025829548,1.1994916096249568,1.235498477617824,1.2232021723987831,1.0819387901830693,1.0771831741852067,1.214592626298201,1.2677265674257354,1.068047974095405,0.9679733448263703,1.0269463557944205,1.0833672928367768,1.0648438970732712,0.9748547962432357,1.0577588786242544,1
1.046635762363998,1.0272214790820144,1.0584598035232777,1.0426584043715916,1.092414149240373,-0.4894942552340301,1.045237269181672,1.062939282261858,1.129917080948341,1.2999368597625265,1.0871177548213147,0.9888571682240632,1.0651685721533386,1.1144115916100639,0.9725895876138884,1.023081892748249,0.9725895876138884,1
1.0064817117250775,1.02746247855591,1.1846265434867622,1.0687114757021834,1.1865806804166934,1.1527838716094703,1.0244137030891223,1.0789074211126652,1.4063640063634162,1.1479811075533717,1.0982071378716316,0.9981475458147393,1.0718598628340572,1.110486838757595,1.1200894504950887,0.9553263806157051,0.9971625374147652,1
1.3390868706658765,1.2587546381086863,1.198884863176715,1.2878696516760961,1.2328077657463867,1.1870060069453314,1.259174635063999,1.1317154868450878,1.2432061901419829,1.3232727618737663,1.1809586348790337,0.9769070800492806,1.0034105187194993,1.1124121977146153,1.0070795181053578,0.9385921270729858,1.067982001298122,1
